model,accuracy_mean,accuracy_std,precision_macro_mean,precision_macro_std,recall_macro_mean,recall_macro_std,f1_macro_mean,f1_macro_std
xgboost,0.7609649122807017,0.07425116053968242,0.7767666190019131,0.07822304977245577,0.7600757020757021,0.07025620127691613,0.7618889615782172,0.07690468701976924
random_forest,0.7538847117794487,0.07935646086080521,0.7734673183713432,0.07964079122636912,0.7487390387390387,0.07499126819389484,0.7475236646089929,0.07985173436704329
logistic_regression,0.7433583959899749,0.08352447598356176,0.7548871651224592,0.08661832251820865,0.7464648684648685,0.08270669923541513,0.7470981372013796,0.0852436765737814
extra_trees,0.7503132832080202,0.08777164567665224,0.7650612457717721,0.10246329962351095,0.7446442446442446,0.08527491912880689,0.7461305102638796,0.09196512322948422
svm_rbf,0.7328947368421053,0.0818238166136246,0.7618750497868144,0.07624939304120769,0.7357910977910977,0.08248240975975119,0.7382430997213278,0.08056563709857477
gradient_boosting,0.7081453634085213,0.06697452800945433,0.7340241719065248,0.07167224690611226,0.7072403152403152,0.06525250468013385,0.7073375788809491,0.07167140363777197
knn,0.6305764411027569,0.0971138328887205,0.6815465178096757,0.08769867094963085,0.6208902208902208,0.09581910349865837,0.6345394330919973,0.09201167737676175
