model,accuracy_mean,accuracy_std,precision_macro_mean,precision_macro_std,recall_macro_mean,recall_macro_std,f1_macro_mean,f1_macro_std
extra_trees,0.7503759398496241,0.09251617544151203,0.7655102850366009,0.10612792970079414,0.7457871017871017,0.0903766686800184,0.7475280147202075,0.09689145352185942
random_forest,0.7538847117794487,0.07935646086080521,0.7734673183713432,0.07964079122636912,0.7487390387390387,0.07499126819389484,0.7475236646089929,0.07985173436704329
logistic_regression,0.7433583959899749,0.08352447598356176,0.7548871651224592,0.08661832251820865,0.7464648684648685,0.08270669923541513,0.7470981372013796,0.0852436765737814
xgboost,0.743358395989975,0.0634159505093367,0.7571272616272616,0.06995480089008137,0.745056943056943,0.0644151061003443,0.7435717695831234,0.07082013125375759
svm_rbf,0.7328947368421053,0.0818238166136246,0.7618750497868144,0.07624939304120769,0.7357910977910977,0.08248240975975119,0.7382430997213278,0.08056563709857477
gradient_boosting,0.7081453634085213,0.06697452800945433,0.7340241719065248,0.07167224690611226,0.7072403152403152,0.06525250468013385,0.7073375788809491,0.07167140363777197
knn,0.6305764411027569,0.0971138328887205,0.6815465178096757,0.08769867094963085,0.6208902208902208,0.09581910349865837,0.6345394330919973,0.09201167737676175
